Frequency (Hz),Channel 1 Magnitude (dB),Channel 1 Phase (deg)
100,-60.21027198550483,93.17915418978694
104.9,-60.14432886465237,88.4668517764421
109.8,-62.22226524608909,99.07153702077244
114.7,-61.3394097746772,68.94010111774148
119.6,-59.21946512663629,78.52891148664918
124.5,-58.93700955047664,89.69490588048384
129.4,-58.40232857594249,84.30690810842361
134.3,-58.58776615962459,72.75311570329893
139.2,-59.21281116906019,96.79143008356863
144.1,-60.10944827717417,96.31300729951374
149,-57.86394163020292,85.45402000280188
153.9,-56.74529800262264,94.11807588340569
158.8,-56.59865588609773,85.16812442375542
163.7,-59.60045330687073,94.52463038081669
168.6,-55.03758202129796,89.40018830401851
173.5,-58.06704697897267,83.12192171289487
178.4,-53.94107121060523,81.19874720494272
183.3,-54.85237717072933,91.56209030786187
188.2,-56.0965319897501,74.08201612204573
193.1,-53.40889141509538,82.13739618723991
198,-55.58029086775672,88.32928041925398
202.9,-56.74057199919915,85.79125663704619
207.8,-54.01992712419116,76.85294208814122
212.7,-56.97345828484639,80.44337157745314
217.6,-54.34979689449496,80.52124463181994
222.5,-52.64545251459911,76.89192358219879
227.4,-54.04366434602657,81.73306203622094
232.3,-55.49290960961799,68.20366245575384
237.2,-55.54205165148851,84.41244427173197
242.1,-55.34052042143686,77.92083155692765
247,-55.0983057289053,74.78686223449694
251.9,-51.2303209258918,81.308100958056
256.8,-51.23488990489177,74.89104090417189
261.7,-54.56131693411865,72.06080793570504
266.6,-51.03965035460127,80.52867448044066
271.5,-54.07718019588286,73.95845752627163
276.4,-52.57917859532306,79.79097143152777
281.3,-55.37421584500127,77.27977428627035
286.2,-53.63166509738208,79.04083407638427
291.1,-53.4724352475619,78.7092521883321
296,-50.44075340271618,75.69272923103725
300.9,-50.88346535076,71.23796049982769
305.8,-51.42430886801346,80.27137837177023
310.7,-49.16406355325041,72.36891455619502
315.6,-51.16175197912448,74.01033604843647
320.5,-49.17161378164799,73.38927800761361
325.4,-51.50135906946313,79.47679781806067
330.3,-49.60253457407237,67.57837562477243
335.2,-47.39560585463865,75.53286619810652
340.1,-48.09413996512299,71.954846326081
345,-48.05265926264159,71.42023311035467
349.9,-51.03674328344675,74.33717332794025
354.8,-50.11470867725549,71.83249318809101
359.7,-49.55851786387533,79.2960131328482
364.6,-48.60033182220675,71.11644698367817
369.5,-50.4290370546756,74.30661170421217
374.4,-46.72600805113815,67.05576708261617
379.3,-50.51246999615283,70.90759540911083
384.2,-48.27918777263903,75.09418170581147
389.1,-49.99305682082434,63.51480723469639
394,-48.07789090803759,69.76350573074866
398.9,-50.93000017164354,67.87610722594363
403.8,-47.43294295859781,65.91972224425081
408.7,-48.1726929164186,70.48758531581181
413.6,-48.15547404080887,66.31398951060561
418.5,-46.69098673112511,72.72625641185238
423.4,-46.64278027332475,75.55456783775972
428.3,-44.61150373301442,64.6400412579697
433.2,-46.0117626318107,65.50680442015602
438.1,-46.42119312983466,64.46231314272336
443,-45.9682802820044,69.17528848736936
447.9,-45.67074724408015,67.16283503005502
452.8,-45.45340002108841,64.38276790620759
457.7,-47.71739040671303,66.63854137586843
462.6,-47.4229697658734,62.69158688120309
467.5,-49.70737830536643,66.12718155968093
472.4,-48.22233706572078,62.24339405851504
477.3,-45.09179548237283,66.29968241585632
482.2,-45.10787545659718,71.11051848789302
487.1,-44.6410467728526,62.82792570655184
492,-44.84357228032603,69.40929672883391
496.9,-45.82497005432713,68.34132342294212
501.8,-43.49450763921734,61.37029306630396
506.7,-44.60663818127951,62.83809665826186
511.6,-44.27665772405919,59.45365447902939
516.5,-44.58960276109877,68.0007981325416
521.4,-46.47154406798532,65.66730160505915
526.3000000000001,-45.94694368048976,66.35177648684166
531.2,-42.97798687869325,63.00445333435484
536.1,-44.76596738815636,61.60675707336026
541,-42.5570319745887,61.37153412963539
545.9,-42.06596413478821,59.40239928179432
550.8000000000001,-43.33858366642179,57.11523818689749
555.7,-42.43914926066268,60.76302365736076
560.6,-42.33614162847082,58.55144947894683
565.5,-42.81110169602316,61.53676018163448
570.4,-43.62138566864903,65.57457547443495
575.3000000000001,-43.12751538255336,61.16083783988384
580.2,-41.73581058784306,60.25457178831034
585.1,-43.23025749257084,59.74042731583056
590,-44.45035332797663,60.99467923443842
594.9,-43.36867298026432,53.16865088762604
599.8000000000001,-41.38005869695209,56.0430725957882
604.7,-41.19984248553405,59.20936479051969
609.6,-42.55930441040054,55.93929230263443
614.5,-41.96783067308182,56.84429799947679
619.4,-40.67812968348501,59.00111586237605
624.3,-40.84464670331731,57.85910498575042
629.2,-40.27155032189565,60.13004892949709
634.1,-41.05108444885371,58.65903526292341
639,-39.60728158296899,59.84988948825583
643.9,-40.42093810451532,55.72497723482751
648.8,-41.45036553369098,55.16891064742224
653.7,-39.62060885654133,54.12365517780583
658.6,-39.8445371061226,52.92986634031077
663.5,-39.93241772891286,52.06635946332351
668.4,-39.98910212803037,54.50724608391477
673.3,-39.2848756177962,54.42210177807553
678.2,-40.08053366263762,55.77361759179763
683.1,-39.37717425501808,53.18384861593931
688,-39.12672532640994,56.48138609547038
692.9,-40.74271432636976,57.83232799927102
697.8,-37.97718658015673,50.01978027657346
702.7,-38.01529158087661,50.14769756868714
707.6,-38.16448114129129,53.62479570570061
712.5,-39.32188091227146,45.05166413635811
717.4,-38.88843248686713,49.88456518510363
722.3,-36.68820421536417,51.19993867401278
727.2,-36.50920416277351,50.66025954856856
732.1,-36.98463678296107,51.57209736130748
737,-37.49481199087476,48.46612573960792
741.9,-36.70918508394045,49.5006124375328
746.8,-36.4710395503688,51.35666200091261
751.7,-35.91655919482954,49.63629959413466
756.6,-36.28076326033369,53.14473427537173
761.5,-36.29426853197891,48.94689176124822
766.4,-35.51337944372852,49.68435789369019
771.3,-36.21997413308473,47.67451977184524
776.2,-34.73865116486093,41.68187627196895
781.1,-34.74555785513007,47.89213988182289
786,-35.119285700439,50.41833151510261
790.9,-33.79699963833352,45.31221374487993
795.8,-33.94270225485273,45.16497698696277
800.7,-33.90095960213959,49.93606955986393
805.6,-33.78117539518223,46.63019084334893
810.5,-33.69357814786947,46.47312037200879
815.4,-32.57992700293082,47.26795065001821
820.3,-33.22765575771747,43.74847813940283
825.2,-32.47030393808161,44.40514517910069
830.1,-31.62724115779217,47.67848094471404
835,-31.90910852668971,43.5036656061116
839.9,-31.00769823278125,48.86499850961809
844.8,-31.05349847029638,44.42258079361031
849.7,-30.96760795660262,44.05019130089175
854.6,-30.73329576659238,43.45431663659939
859.5,-29.6610414372885,41.73450016409195
864.4,-29.70039912429149,40.09924427092417
869.3,-28.99834582933723,40.5375544672129
874.2,-28.66669992368962,40.49573405500031
879.1,-28.719452177976,39.31254331249588
884,-27.92405917375791,38.15199808868311
888.9,-27.52389168928868,40.98866170320584
893.8,-26.94073396543415,39.8293174051319
898.7,-26.74935283058655,40.30401119953243
903.6,-26.59302133717539,39.3695296349228
908.5,-25.79028327656335,38.37653037806076
913.4,-25.1019586952234,40.27634244876953
918.3,-25.38051233290584,35.56941206151226
923.2,-23.44443466819834,35.9430853717954
928.1,-23.89714165541879,39.10577191110443
933,-23.31860511751189,33.77620505082376
937.9,-22.45229727710438,37.43999964331192
942.8,-21.60290885349709,33.10756066211296
947.7,-20.10847822405819,30.59637847093273
952.6,-19.11024025497429,34.62915870966818
957.5,-18.79592185855856,25.50238101470407
962.4,-17.28216819416496,27.84118699972337
967.3,-16.34051183627516,28.42893230078187
972.2,-15.17932858477421,26.09228279625715
977.1,-13.35215630168579,17.97531797447422
982,-11.07528014893786,16.11441637430013
986.9,-9.754869256448377,8.858150682704569
991.8,-6.378023191415991,-4.210058782956693
996.7,-3.810645843736915,-28.79185383489007
1001.6,-3.48788616052035,-62.29920468668747
1006.5,-5.244236531690415,-89.18156996817697
1011.4,-8.264238218800861,-104.8100751647833
1016.3,-11.02449030555484,-113.583981062167
1021.2,-12.43856330862229,-121.5822649300162
1026.1,-13.88123230060544,-126.0006270534865
1031,-16.07161164762604,-133.711457690848
1035.9,-17.08881460161551,-132.5014046886818
1040.8,-16.76056660278295,-130.2020024700352
1045.7,-18.56246632402347,-137.7945356440391
1050.6,-19.42949971737218,-141.6797321456525
1055.5,-20.1945124853878,-131.5036270574071
1060.4,-21.31388227361782,-138.9700947505601
1065.3,-21.55334743384153,-129.5523149934063
1070.2,-24.42584290882419,-133.8840319788689
1075.1,-25.02106978553642,-143.4371897235687
1080,-24.05618403049555,-141.6131540441562
1084.9,-23.55249905557309,-137.7838691540558
1089.8,-24.49295318055844,-143.8698516395314
1094.7,-25.1612047363294,-139.022094131997
1099.6,-25.25391856431063,-145.8666797873398
1104.5,-25.92075005085901,-141.9502644106093
1109.4,-27.23702086666724,-140.7082322997943
1114.3,-27.34586203563386,-144.1477081060161
1119.2,-26.89349848663402,-141.623494748333
1124.1,-27.97605816031405,-141.2181438832767
1129,-27.7836697935285,-143.4913825115677
1133.9,-28.84270484814773,-140.5903359902985
1138.8,-28.77716678265925,-147.3693164376245
1143.7,-29.35391947337246,-143.4272783645803
1148.6,-29.34520568247672,-147.3723142831137
1153.5,-29.35622361510238,-148.5182830461972
1158.4,-30.45803763449038,-148.1637362307872
1163.3,-30.18998797740749,-149.1866131669337
1168.2,-30.00929390561957,-147.89489396566
1173.1,-30.19564436079776,-146.2098944207951
1178,-30.40401385699213,-146.0712597514922
1182.9,-31.53960792531283,-144.7003832360958
1187.8,-31.0412630028729,-146.2779474143616
1192.7,-31.42029849254513,-152.1589451743338
1197.6,-31.79768165418901,-146.824505148685
1202.5,-32.28608306256851,-148.7852694931537
1207.4,-32.03107021264962,-149.7644185459145
1212.3,-32.79592220098165,-152.1978673308763
1217.2,-33.23664264455214,-149.1663181330859
1222.1,-32.80886818749786,-149.6293326982254
1227,-32.37759356777119,-150.5872640346168
1231.9,-33.15713895875299,-151.2711653476009
1236.8,-33.93990628526372,-145.7939631380638
1241.7,-34.97433365870972,-150.1162033238926
1246.6,-34.27174409355552,-152.7289666456449
1251.5,-33.5814041659154,-150.5782409541512
1256.4,-34.53986105447507,-153.5249332527042
1261.3,-35.35917472182474,-150.5497192578487
1266.2,-34.43404281680457,-146.1490502319612
1271.1,-34.20844658517249,-151.0097465579622
1276,-35.8686043765951,-153.0978012382078
1280.9,-34.33088922891295,-155.5085609488032
1285.8,-35.55345623195498,-158.3540365860437
1290.7,-36.29581157960817,-151.5200359459014
1295.6,-35.62772734745255,-151.6633447802536
1300.5,-37.07143347563063,-157.2409395053228
1305.4,-36.71440894705691,-157.0482823935203
1310.3,-36.55112210583632,-154.1030344791683
1315.2,-38.07793381995373,-155.0481470584554
1320.1,-37.75441200924506,-156.4514839719228
1325,-34.9789446334965,-160.7547290022062
1329.9,-36.74933927374084,-160.6189607144222
1334.8,-37.7146113944499,-156.8340722004003
1339.7,-36.54594080912944,-153.4500454881144
1344.6,-36.74286842559147,-158.809508605696
1349.5,-38.11353538416177,-157.6632056971901
1354.4,-37.07860587960676,-157.8056064605312
1359.3,-37.09939458049702,-158.3856273409855
1364.2,-38.28091298972681,-161.4379940279189
1369.1,-37.39990766299699,-161.4322590160972
1374,-37.88685688491125,-156.3346479367872
1378.9,-37.98570510504252,-156.7688945435277
1383.8,-37.58171733833888,-153.0199636869413
1388.7,-38.01894981487186,-154.3825724418362
1393.6,-39.12211134320087,-156.5496297528041
1398.5,-38.56125297190302,-161.4141528142617
1403.4,-40.0337347210527,-163.9836666603727
1408.3,-39.94297980174693,-163.7082723319948
1413.2,-38.44659732193387,-162.954132482263
1418.1,-37.2026464873772,-162.371707310606
1423,-37.97784323447916,-170.7865216192623
1427.9,-40.00204555161873,-163.6096912814097
1432.8,-40.4435131949127,-158.9223092596047
1437.7,-38.40163184903619,-158.506141507854
1442.6,-38.51104545994688,-166.125183507285
1447.5,-40.28853693389286,-158.7278692865598
1452.4,-37.79629169933237,-170.0259076893068
1457.3,-40.04155510381418,-165.7452221530436
1462.2,-39.45147819752457,-158.149943067426
1467.1,-39.95588802054324,-167.1084991047429
1472,-42.23480712015303,-165.7093417940082
1476.9,-39.66672042762071,-162.4078284479597
1481.8,-40.72464696886634,-166.1095800005475
1486.7,-42.28850883600646,-165.6491764582358
1491.6,-40.46447588705779,-165.9314561408623
1496.5,-40.53329975326285,-169.3799090994412
1501.4,-41.01105692230544,-164.4825039114026
1506.3,-38.82146130432397,-168.894180176086
1511.2,-40.7858095744534,-168.428279190229
1516.1,-40.2319904930141,-164.7042694343717
1521,-41.87318958493452,-164.2953800158303
1525.9,-41.74147793281848,-164.0495670143216
1530.8,-40.40056902856823,-162.8677396298374
1535.7,-43.81192321326925,-170.1166098181756
1540.6,-39.60228220558024,-168.2610618446744
1545.5,-41.81167483314871,-167.6980833521596
1550.4,-41.52803396620765,-170.8484947000065
1555.3,-40.29409242807985,-172.0882774559943
1560.2,-40.99995390426058,-169.4522422418661
1565.1,-40.34843681836051,-172.2115347367065
1570,-39.9871934378067,-179.2018746425025
1574.9,-42.08257546364766,-169.7277133250493
1579.8,-41.75151386055759,-176.5733174650215
1584.7,-41.0511905526005,-173.6974471294559
1589.6,-41.44706812752139,-170.5847211214572
1594.5,-39.83244151285783,-175.2664289689508
1599.4,-43.39180785492839,-172.2155043168208
1604.3,-42.35963502985002,-171.0136119511823
1609.2,-42.94170441307511,-176.5062991149589
1614.1,-41.73276332975102,-175.149721005492
1619,-40.5985367271953,179.821124806747
1623.9,-44.81986739400136,-165.5449533081955
1628.8,-42.63042996759731,-174.1639534723461
1633.7,-43.75116709051212,-170.8287985553146
1638.6,-42.06930991781185,-171.300952640118
1643.5,-43.38390125525813,-176.3087683280662
1648.4,-41.05349427627204,-178.030823050937
1653.3,-45.71191445332481,-174.9381853291141
1658.2,-43.13279705651037,-178.5698344479003
1663.1,-42.05834438224684,-172.7633568771599
1668,-42.93089104083523,-174.7018027958066
1672.9,-42.86104991034066,-174.2095975486311
1677.8,-46.58209782802767,-162.525903647649
1682.7,-45.62346856390391,-179.86193826263
1687.6,-46.61612391868366,-177.2698731884602
1692.5,-43.37613601563775,-178.0164417433074
1697.4,-45.43166967869055,-176.9061252002093
1702.3,-44.47110917813912,-172.5511667289003
1707.2,-43.37178958422575,-172.1738533799074
1712.1,-43.659124026516,174.6023926606094
1717,-42.91778069469927,176.4593221587528
1721.9,-45.53388223171822,-170.701943560442
1726.8,-42.05929335842316,-179.4866209432353
1731.7,-43.9775907682915,-171.2591767060658
1736.6,-45.95953082063921,-174.1501651103948
1741.5,-43.47151802917249,-178.1181006498225
1746.4,-42.43022369087362,179.7820916869733
1751.3,-43.64306767212675,178.8560187029551
1756.2,-43.04585283761953,179.3555847128671
1761.1,-46.94314079197935,-177.929787486947
1766,-47.20943132323447,178.5878438657868
1770.9,-45.10728597084249,-169.0265880755258
1775.8,-43.57389956262617,-179.2417756633753
1780.7,-44.80874928997845,178.6972689608853
1785.6,-42.09870935462683,171.4913434543442
1790.5,-43.98980376831929,177.2244881095689
1795.4,-45.24229861913841,-172.6767504780821
1800.3,-44.37063038147802,161.525805816419
1805.2,-49.33169573376201,-178.1013710923475
1810.1,-43.80423773177537,175.0916588907017
1815,-43.29965020362766,172.6787347590077
1819.9,-47.33100360569403,172.9783420297848
1824.8,-44.00278352857023,176.5978709774178
1829.7,-44.56463078351053,175.5507540534984
1834.6,-43.94665721560368,173.5076386092908
1839.5,-46.2871743821656,-174.3630165804234
1844.4,-44.14497328130175,177.7969695963593
1849.3,-44.9716004484013,177.3184532347283
1854.2,-44.15127757392847,177.3526045465898
1859.1,-47.03527307417915,-172.723830368496
1864,-43.46821757684391,171.103942111145
1868.9,-43.62639837740983,177.541758396722
1873.8,-44.58090639025884,163.5019374755695
1878.7,-43.33575917394881,-177.4430740062443
1883.6,-44.23418120116307,175.1837342510587
1888.5,-46.20230149791627,168.3784494768258
1893.4,-43.67718533210187,164.0902966071801
1898.3,-46.08170934520194,163.4778597697405
1903.2,-43.70931142400818,167.5106756951901
1908.1,-47.04673368354833,171.0556201156011
1913,-45.54995788556131,171.0416285548445
1917.9,-45.31739675618738,164.9001466633023
1922.8,-44.15947418864172,174.4820757737379
1927.7,-46.52283221198165,167.9022789363644
1932.6,-45.9189108291592,163.587481982431
1937.5,-45.23161300953971,176.7709461510211
1942.4,-50.2076499399917,178.7637113217928
1947.3,-44.00506876644236,156.8692710684487
1952.2,-46.76245084890782,165.5665169499839
1957.1,-45.32397560168829,172.757833612924
1962,-49.08977721581185,165.772374998278
1966.9,-43.53578926063613,178.0426884734573
1971.8,-44.49426849266898,170.6331377783042
1976.7,-49.52971172634782,-179.5380401122364
1981.6,-50.50195432392255,167.0641205287968
1986.5,-44.86109195870575,166.9380866822963
1991.4,-42.72140491332002,-176.9968764510691
1996.3,-46.50476641788718,170.6851742501468
2001.2,-43.70630209599219,164.2879390636331
2006.1,-46.56920237369759,165.7296740682179
2011,-46.9843337698267,157.752821722442
2015.9,-44.71332648696578,173.4521851649186
2020.8,-45.51805452985803,158.3761782522334
2025.7,-44.62245383071148,157.5208959732114
2030.6,-47.08196609593591,163.8366273048875
2035.5,-46.86908256305265,168.8881533346611
2040.4,-44.20539126792411,160.2185216392679
2045.3,-51.61984994288409,160.7165599624879
2050.2,-45.47284522605839,172.0364578549235
2055.1,-45.90891791745047,149.1097008692035
2060,-51.5587939687051,158.9586943925724
2064.9,-45.88879501286797,162.3073535600226
2069.8,-52.35816619576113,170.1050646670428
2074.7,-45.878979763812,160.6264263468501
2079.6,-52.09483660038585,156.6418179231309
2084.5,-45.1835727663334,179.5956849654587
2089.4,-46.0230473615194,165.3269013384004
2094.3,-46.14226287204072,170.9391833690416
2099.2,-52.28056847657196,154.4130491118064
2104.1,-45.70661084800068,154.3071442695252
2109,-45.04816804360377,148.7667658814964
2113.9,-46.44145982936265,161.2890808592068
2118.8,-48.95245527362093,163.1539944380005
2123.7,-50.23379830159571,165.2446043202162
2128.6,-48.4970700018999,163.799812786017
2133.5,-46.90157223721673,156.2066419928904
2138.4,-46.7162528948748,153.3179097330451
2143.3,-47.15764245639168,162.5931177418428
2148.2,-49.18186396851211,152.5309918143846
2153.1,-53.52740734311261,153.6320020213773
2158,-46.31316444644619,159.0900380661699
2162.9,-56.39651535612019,141.4223763698388
2167.8,-48.96785532271798,147.4371746377773
2172.7,-46.36963383496096,167.3214074800511
2177.6,-47.26460010739447,158.5917239375763
2182.5,-52.29001927310365,173.9037295931698
2187.4,-47.80185643107892,154.8298212749494
2192.3,-50.28556359583589,146.3252536072853
2197.2,-52.52894177770716,152.1410541157467
2202.1,-47.96346855655862,159.2205364432853
2207,-45.6095049476431,147.5623315866148
2211.9,-48.03900932311897,151.829245037741
2216.8,-52.10553441164973,155.5552438169693
2221.7,-52.0057230868228,163.7969775495053
2226.6,-48.02380042112232,164.1072617708832
2231.5,-48.66693723801311,164.4901077285442
2236.4,-47.95934927248901,174.9939572391503
2241.3,-52.70449921946381,156.7364101589076
2246.2,-51.6913909881442,164.5684173345993
2251.1,-50.67610541306044,149.5723079071539
2256,-47.89826010890373,155.5009375728457
2260.9,-47.85766945517602,144.0459899709697
2265.8,-50.57408046642065,144.1896192912641
2270.7,-46.59253039801815,157.9721300388036
2275.6,-48.54894532299191,165.3664859830536
2280.5,-47.17211853349809,159.2568042870362
2285.4,-47.44939539021703,141.9487140933688
2290.3,-51.31450450431191,152.5326127921762
2295.2,-47.92681072649402,149.4536770607577
2300.1,-53.72271018383976,153.5809451203995
2305,-48.20678357409704,150.1272830035386
2309.9,-47.38752970706596,154.1861538071079
2314.8,-45.49151759017802,152.0548346472106
2319.7,-48.0928023654812,154.4839125694819
2324.6,-49.88766513211827,147.1921506825843
2329.5,-49.83087070777057,143.8121535600626
2334.4,-51.57765916448788,166.8473654647632
2339.3,-48.88455808143441,146.8362617215877
2344.2,-49.37317153611009,149.3444797453445
2349.1,-54.6872164956845,172.2801079086539
2354,-48.56386174042603,147.7966994628521
2358.9,-52.45149552586689,156.3802279451519
2363.8,-51.46557515091359,164.9082550185807
2368.7,-55.22047661804108,133.2546525114056
2373.6,-57.25485839685341,148.082690294416
2378.5,-48.65337751617258,136.1277847927653
2383.4,-48.42623455046176,153.0987076805443
2388.3,-46.43602645091824,173.2912133372177
2393.2,-49.1663945155701,132.0689344979498
2398.1,-47.34255570175858,142.6710229585376
2403,-49.26852731617919,152.7733723270814
2407.9,-52.54554609094458,140.9275384998926
2412.8,-49.80752567568457,145.6836229792404
2417.7,-50.24977152260283,152.8523281992834
2422.6,-57.31944994302047,134.8471453328474
2427.5,-48.81466544640684,148.6291014824352
2432.4,-48.68237579080184,153.7711946495417
2437.3,-53.05076200549664,141.2044527395678
2442.2,-50.33958291986043,145.4817697755561
2447.1,-56.19628238616968,131.4141105216583
2452,-47.79193824174502,135.7333956534356
2456.9,-52.41145987744321,150.5100400013625
2461.8,-48.55380124883308,132.5343065823298
2466.7,-63.72046111623082,132.173576479045
2471.6,-48.96051241735403,154.0661621279651
2476.5,-52.96567142611632,145.2368029414879
2481.4,-48.66616161917704,134.8222436297948
2486.3,-47.28489319297154,143.8906455506072
2491.2,-53.84430383579165,158.9018207490248
2496.1,-49.69401996333272,127.871382220649
2501,-48.55183554690898,139.4223247767026
2505.9,-48.88974869148583,141.1301532358028
2510.8,-52.99767763685899,151.0046748355073
2515.7,-47.3772067401186,153.2778895224048
2520.6,-47.65431981332171,157.0288910090125
2525.5,-52.72860756610916,129.3782012496926
2530.4,-48.2926336514046,145.9310991613152
2535.3,-49.25401715745613,129.2670781567321
2540.2,-53.13678524895724,148.1224044422243
2545.1,-60.11602969483562,130.8190962568395
2550,-50.17659425661677,147.0104576442961
2554.9,-49.69370708137131,129.5547313522156
2559.8,-53.61586593512699,143.9582019571081
2564.7,-53.12092232761884,134.4930173973783
2569.6,-51.23502133271571,126.6100836551066
2574.5,-48.64275236656184,141.1648694406502
2579.4,-48.65254325778456,151.9306858056487
2584.3,-58.19211427773357,123.2041915335955
2589.2,-52.59709565615722,142.8660005724946
2594.1,-55.49082674637206,127.1286883961766
2599,-51.25413639691943,135.143298255603
2603.9,-51.67808860635108,139.2153282212468
2608.8,-47.07009109343658,140.0378603028801
2613.7,-51.0647254789458,127.2725039357072
2618.6,-54.66708104858728,142.0060843987709
2623.5,-53.96305211591572,148.2483435016215
2628.4,-48.61829384525556,129.7882145393822
2633.3,-49.92649286590009,134.6718619987814
2638.2,-53.55985749481192,103.986199667283
2643.1,-51.21680186712477,144.4726760114668
2648,-51.22211328448282,141.9742009818446
2652.9,-52.77698434252045,145.8425736508238
2657.8,-52.27126469728419,149.3783423293963
2662.7,-55.73850561898398,122.1394686881249
2667.6,-52.64686283733113,147.0633859350178
2672.5,-51.47529015656439,147.2813512410698
2677.4,-51.11320773229944,130.9722986030716
2682.3,-48.93259812894201,142.0898686381557
2687.2,-49.43945092068772,125.4247650798072
2692.1,-48.49765815146192,151.4512340131313
2697,-59.21974930273103,127.8558765629333
2701.9,-49.22940089638074,159.838615765653
2706.8,-51.55153634723131,123.6697096247231
2711.7,-49.194543252624,145.9380049120169
2716.6,-49.15371834408062,139.9692274980968
2721.5,-51.33553680763166,127.831668618556
2726.4,-45.46822589874501,136.1158240454304
2731.3,-53.22689045970669,150.3294900542884
2736.2,-48.98696820439554,131.8168082474146
2741.1,-58.42282282099183,117.0795000000899
2746,-50.02962788554047,165.57483244338
2750.9,-51.34694680601421,127.0720649910322
2755.8,-56.694340878462,125.4222130963454
2760.7,-56.53116644901363,147.5823799531501
2765.6,-52.13104028842781,140.3478644840942
2770.5,-60.27086637889973,152.383645957178
2775.4,-53.69990097920557,135.1716571050926
2780.3,-59.77690283702319,128.7161950655024
2785.2,-52.56531880308914,151.3383071482093
2790.1,-53.55584416524717,177.4873000832071
2795,-49.34931361391332,159.4694234429256
2799.9,-50.70010990026211,132.7902803796051
2804.8,-59.41101742296929,105.9672642616294
2809.7,-47.64931365778236,125.8801018925395
2814.6,-49.49258101342299,169.0050238368633
2819.5,-55.62532216414258,141.6724962215156
2824.4,-47.23212402677444,92.02106822847389
2829.3,-52.88916618157381,154.7925281273057
2834.2,-56.65804886140729,124.6514967095428
2839.1,-49.79739442759902,110.0937612822478
2844,-63.84165213715491,131.3323904713191
2848.9,-48.56514478776229,157.9178143232203
2853.8,-51.85732391680571,96.6332954454879
2858.7,-56.72237713154055,133.5758562020025
2863.6,-56.69946650292956,120.7680945684592
2868.5,-50.46770620292339,172.3868817544862
2873.4,-58.54351647656338,121.2275635294886
2878.3,-56.1181179176358,112.0009235399329
2883.2,-52.75439583993588,151.8970654557567
2888.1,-51.60776800382276,117.9333161635341
2893,-54.50922575379608,143.9934663537795
2897.9,-47.92136215343391,107.4001085175587
2902.8,-61.15626031377118,144.3299753920387
2907.7,-61.05278147656463,123.7397732624153
2912.6,-63.97304320970975,118.0062160135674
2917.5,-61.66254142528572,125.7478612842578
2922.4,-60.77881929738243,135.2986000037589
2927.3,-55.76334823614262,-177.4838050959019
2932.2,-51.88857985686361,139.5244257314568
2937.1,-61.38819499144293,88.43250114992907
2942,-49.02233157880406,160.2890454228429
2946.9,-56.25327300742115,75.2671233020034
2951.8,-51.99671612340815,98.61961733387594
2956.7,-48.555304545858,165.5189897761325
2961.6,-47.99524225974007,117.0562849569627
2966.5,-47.04841424984264,66.27040540275488
2971.4,-62.62172918482455,108.1561890123877
2976.3,-63.13863187120344,-179.0649074533823
2981.2,-57.2987194239246,125.1345180529726
2986.1,-63.34031771960458,93.26059869480514
2991,-54.1942741224343,67.55660406794975
2995.9,-54.64508912246832,65.73554021058933
3000.8,-54.65582517825225,65.29004362603672
3005.7,-48.40511178745611,104.3609973255463
3010.6,-48.11464482552131,112.7282636959089
3015.5,-52.44586951421962,96.53587038319921
3020.4,-52.45772111031254,156.6819479625098
3025.3,-48.72453994383608,140.7350537674379
3030.2,-51.20705892359349,153.2955347676275
3035.1,-47.86628726580203,166.8312803840836
3040,-52.66764469446056,136.4975608328081
3044.9,-48.95980741611884,146.2971230283702
3049.8,-57.22143373454011,106.8973734657628
3054.7,-51.99389150989078,120.7216714324234
3059.6,-54.80284794815675,103.4031885114312
3064.5,-47.63063149678382,120.908516193597
3069.4,-50.00518174570293,143.5206079815432
3074.3,-49.18372037793301,104.346207227117
3079.2,-53.56954916065164,142.7384670860043
3084.1,-66.55154204506432,62.4147895192268
3089,-49.40155926509107,170.6404760343216
3093.9,-54.05350728031791,109.2443729754647
3098.8,-59.80985286642544,92.07789326692819
3103.7,-54.3928411035947,85.27944297527401
3108.6,-50.26579593494922,84.69541310697059
3113.5,-54.75732902110447,131.7226294286554
3118.4,-54.74405143616939,94.56546794541332
3123.3,-56.24857989693161,122.5047392327974
3128.2,-57.70505593351145,120.9559999806636
3133.1,-62.51428937419152,141.4766050505145
3138,-50.94764189507491,62.93662887607778
3142.9,-51.74973460861544,-179.4061755300271
3147.8,-49.41185568931444,121.6421392443007
3152.7,-54.98383528998949,146.193663897563
3157.6,-60.25039220911737,77.83362641281008
3162.5,-49.76309932119502,114.5037839762796
3167.4,-61.46575710270862,126.9690429695962
3172.3,-54.6221944155122,95.81145412509028
3177.2,-53.68403750773452,61.0496708091567
3182.1,-54.19405504294246,109.2854194591349
3187,-50.46535299840457,108.3859313099733
3191.9,-57.57287165754776,129.0120429809202
3196.8,-55.49912874837941,68.18993193223852
3201.7,-57.65032823138892,67.69097885734418
3206.6,-54.34792553702068,46.71526368007207
3211.5,-52.83471638810489,95.63759950764123
3216.4,-58.04118541325793,131.4112127408864
3221.3,-58.19956105635534,92.03940917162981
3226.2,-64.36141802458873,150.3308518409333
3231.1,-57.81811839104245,71.14002557208676
3236,-51.86561277903935,94.77885933026009
3240.9,-62.89266238927982,141.3890031631192
3245.8,-59.22502178822084,96.73304699139598
3250.7,-54.15733221259549,101.7529812357528
3255.6,-55.59288159636714,115.4186771698417
3260.5,-52.89760177107622,121.3358769702466
3265.4,-52.7282131041346,152.6650004826287
3270.3,-63.97638481483679,18.41167872390733
3275.2,-62.65853307897524,103.1604518511078
3280.1,-58.86461320059476,111.5614180579195
3285,-55.03960976197011,75.05840441815457
3289.9,-61.34246588649145,103.6046198522692
3294.8,-57.97956406160316,133.3195087512057
3299.7,-52.60083574159941,119.0436730241124
3304.6,-50.44079646830808,116.4275521495985
3309.5,-51.63222033760499,118.03205781305
3314.4,-69.45013110971405,66.61156672626697
3319.3,-50.0886596701034,100.9189319243569
3324.2,-50.66626958722151,94.13387691275199
3329.1,-68.1502976557689,-112.5493475704359
3334,-62.27976568550305,112.7782509532724
3338.9,-53.92807865029476,55.61427959955557
3343.8,-62.06168267146916,125.2861463432605
3348.7,-62.5875409640105,91.97179940311111
3353.6,-60.79591238684379,76.66959751290176
3358.5,-52.92968204248779,117.4839083636033
3363.4,-54.21316399445482,114.7911107092803
3368.3,-60.0124679863698,129.7908318658413
3373.2,-62.37233460768589,67.5141310531547
3378.1,-53.66087806568145,81.29700182652061
3383,-52.34437142950889,105.7862110592922
3387.9,-77.84695761422874,135.24025650683
3392.8,-63.20488744571973,105.9757387960865
3397.7,-57.96728918532555,77.87187035476427
3402.6,-69.31815120873854,66.17008685441967
3407.5,-56.57214746327558,120.4380101740354
3412.4,-69.79962056725213,64.38221267970459
3417.3,-64.90609343389715,85.08123515591262
3422.2,-55.11266926933807,59.57757270015153
3427.1,-59.62471801940254,94.95628808867536
3432,-55.65125633507401,103.6384244497536
3436.9,-55.86119028104331,80.25452179851595
3441.8,-53.83127232203462,103.0124624192541
3446.7,-55.35745647226746,76.0711370534828
3451.6,-63.63992413530645,72.18491737177649
3456.5,-56.74371577086046,134.3443348601816
3461.4,-53.16961943297574,102.8543043536203
3466.3,-55.59223224998692,99.480251821275
3471.2,-57.90155499452682,140.3458554786137
3476.1,-59.94139384002178,92.93179552439818
3481,-53.80166335027429,63.12470399320237
3485.9,-53.31808421826805,69.98472412077371
3490.8,-65.51493243223328,93.62843734456789
3495.7,-55.18299541206596,88.9826545440927
3500.6,-58.80161550498185,128.4706430556984
3505.5,-55.56990660635732,49.27013405359264
3510.4,-65.38299305362206,35.01880409999868
3515.3,-54.7317973103504,101.3464356740167
3520.2,-61.11407179380528,126.1683936344493
3525.1,-64.84568668878586,73.35112573763081
3530,-60.45131911557748,149.3031306071775
3534.9,-59.97017660686115,84.51426596545366
3539.8,-70.36961318264441,141.4716533168061
3544.7,-57.69357683787106,66.39689521174235
3549.6,-62.06816937356032,128.2694816633738
3554.5,-67.87102353378131,125.1102338441334
3559.4,-64.31859051477292,92.79318904102702
3564.3,-52.41242188346107,85.76532433176874
3569.2,-54.83258216845307,144.2204368392917
3574.1,-64.85547586420321,34.46559998404993
3579,-50.08504093468778,86.80592904484698
3583.9,-62.04856048721122,68.83684948843889
3588.8,-68.57585502780759,76.0807801675894
3593.7,-67.82393783330507,84.52488995184603
3598.6,-52.58803984137531,108.2209208123903
3603.5,-51.98450288958837,80.68758818077876
3608.4,-71.01137134697046,140.0534060734128
3613.3,-52.18359586132184,87.9425296603843
3618.2,-56.61841307763157,109.1229900777677
3623.1,-82.23395678915914,-103.4286397436157
3628,-66.44345907961973,142.8832795542429
3632.9,-61.82746195377013,107.4883860532554
3637.8,-63.7395340232021,-171.1177122500317
3642.7,-62.09989765039077,73.53342311704523
3647.6,-63.71570377911073,80.47269518529176
3652.5,-65.39490473210022,145.8269395604849
3657.4,-69.78715925051493,-137.5704864845294
3662.3,-60.69781723810063,95.3639117463382
3667.2,-57.64614510056758,108.7159504127738
3672.1,-59.03279601839594,68.83428401049997
3677,-76.85611782394263,121.6539002841129
3681.9,-60.74468163764905,35.04517239822616
3686.8,-54.71381410074322,121.0799800378224
3691.7,-68.74961066725884,144.8960102567726
3696.6,-66.66559844676647,87.61620806357791
3701.5,-58.95869815985893,60.70134749279568
3706.4,-62.00038509057033,66.98069214298938
3711.3,-58.27837299028437,71.15405583110251
3716.2,-51.50322425089328,105.1887909778731
3721.1,-65.48877698327112,98.21824475497817
3726,-63.61576296407635,97.68660163259092
3730.9,-75.91693087450879,58.27211830318406
3735.8,-60.23719025397001,71.5069839301112
3740.7,-60.06832032860616,74.408472560531
3745.6,-55.01339335407817,99.4700674856673
3750.5,-54.66977253236792,74.26756152696413
3755.4,-57.52270404454116,38.10235337832894
3760.3,-63.55648905703205,152.8894678385244
3765.2,-77.29275571244085,80.35543461503025
3770.1,-68.40921604881196,124.5181146590315
3775,-60.98575793193818,114.549255434261
3779.9,-64.61212613278656,140.4661732521814
3784.8,-59.34512807509329,71.63980978918698
3789.7,-57.47153758106661,79.3614434122681
3794.6,-60.75673412042636,78.43874317305129
3799.5,-64.38216178327093,27.29119796115396
3804.4,-54.70860484149114,59.45340921661207
3809.3,-65.65961853444139,-44.44943188527357
3814.2,-59.45630964969477,111.8490817020291
3819.1,-66.03864557972224,96.34186047116964
3824,-64.65244780673427,169.891317883613
3828.9,-58.94485908156176,103.7942018839752
3833.8,-56.8931990892765,91.33788468445766
3838.7,-60.64047550319381,67.19342799412104
3843.6,-61.19640268235749,51.95840873677558
3848.5,-58.34192425181242,67.18717187415832
3853.4,-52.8564324158705,89.9406507484191
3858.3,-64.89386969893026,68.629290064378
3863.2,-62.64442335989537,119.4356941371801
3868.1,-61.08338863972133,75.0609168503626
3873,-53.99168169211001,100.6714863734898
3877.9,-64.40217327431543,113.2613904178872
3882.8,-80.34826923752343,176.3282576261682
3887.7,-56.19398297486335,97.16587056784452
3892.6,-55.46689787748478,56.24433808863005
3897.5,-56.31600512734781,119.1315646151353
3902.4,-59.36777345111341,82.76728561176481
3907.3,-61.92460073131087,114.5529101961922
3912.2,-62.0245788088865,46.58215702705775
3917.1,-60.1375247655066,37.91472178718246
3922,-67.50692947251335,127.1432879739187
3926.9,-56.1314512261081,-17.79281878815229
3931.8,-55.03139100560198,49.03257341935273
3936.7,-62.21059810331333,42.1683050203748
3941.6,-58.37269571236191,103.7699048151954
3946.5,-54.5645040695631,69.50822863191752
3951.4,-55.51269109485425,75.76543765773609
3956.3,-57.2703054411452,76.91889817489525
3961.2,-84.04087482120738,131.8397392462922
3966.1,-64.08247727048845,104.5707233940492
3971,-61.65401998467102,107.6243196057114
3975.9,-60.02119300638488,46.22875574743205
3980.8,-57.62502271578875,49.92166861567218
3985.7,-61.58651159129703,52.4919498411175
3990.6,-58.17149988309311,72.34000834043449
3995.5,-66.41074903602465,100.5096560986118
4000.4,-55.44417218665976,70.73579988685836
4005.3,-64.34117661630557,32.14983336932863
4010.2,-65.00629251304444,97.67408564907626
4015.1,-69.38552467017632,114.9082069880617
4020,-62.41477163637174,41.52784529017423
4024.9,-65.67645399188154,170.7942993343153
4029.8,-57.82930183211762,73.83259059760421
4034.7,-79.24505574525602,-3.12086618468869
4039.6,-65.51262587101762,-4.438991027409926
4044.5,-55.08186012852546,-11.1964011324572
4049.4,-63.87433037129385,23.50932706814412
4054.3,-71.67333833529371,26.85389597752089
4059.2,-63.1052453696044,113.9851116826493
4064.1,-56.12992260072612,83.41053750098423
4069,-68.79626968284808,95.80861477892927
4073.9,-72.48440841181497,-136.2930111695038
4078.8,-61.54543664587103,106.7527364600738
4083.7,-60.57456994674735,50.43613234824076
4088.6,-57.4648530966983,72.52040739241994
4093.5,-63.60081459990731,55.08661428990079
4098.400000000001,-59.13955014548128,4.098026418297422
4103.3,-65.45356014468281,106.6381578227252
4108.2,-56.29563355175222,54.17882061993737
4113.1,-65.48783486030783,29.41367768445053
4118,-74.64145760950544,22.52168915300648
4122.900000000001,-57.04136387447512,70.02830552926793
4127.8,-69.01723609446935,50.11548961942771
4132.7,-67.96690402366707,-2.728822239428922
4137.6,-75.0373060726029,-17.99953806013461
4142.5,-64.51275774429369,83.25625587707044
4147.400000000001,-71.53362910090627,116.5597590474527
4152.3,-69.04083863138696,87.13434970288307
4157.2,-53.57566866166044,52.97974872666063
4162.1,-60.23228439378369,152.6832341876125
4167,-59.35977901640474,103.0870491079407
4171.900000000001,-56.23937169750968,11.63848880085429
4176.8,-87.77452451734752,-174.0262416060579
4181.7,-70.99883987808541,110.6052297854129
4186.6,-73.45296585408147,127.304470183734
4191.5,-62.28315326406723,45.94536961140494
4196.4,-65.1424525474221,154.8496565772038
4201.3,-63.39549381758385,62.72264998974885
4206.2,-57.80931401790308,16.13388912482665
4211.1,-54.09279764074338,70.32302986252229
4216,-65.26895258260839,56.54700256949297
4220.9,-68.45824680399505,41.3429584140234
4225.8,-56.26457076987897,50.4839874329279
4230.7,-72.71004546947638,98.12852185204822
4235.6,-56.5098592160659,11.23157005277093
4240.5,-60.43955559333057,71.99733513297919
4245.4,-64.02346368582521,41.84948361043021
4250.3,-73.93241671325822,9.773461568883206
4255.2,-61.05049593254218,37.45134271540664
4260.1,-52.9580120984299,55.28889875222193
4265,-70.55958742302391,19.0547132094024
4269.9,-55.66720328213275,-2.326309476254501
4274.8,-64.68333204429695,-46.6731180946516
4279.7,-64.52243487921089,-93.94998932431633
4284.6,-73.89340950252733,142.1045274473437
4289.5,-81.52045794877964,150.4600628306928
4294.4,-56.24763152012452,2.156075676317938
4299.3,-68.33773655025178,-179.6935577036261
4304.2,-67.14259526548392,78.08346476989641
4309.1,-56.97179362646815,137.8139754085976
4314,-58.39604509614585,59.40834371976314
4318.9,-66.57361628044627,93.99176296270667
4323.8,-63.09101182712293,-76.2572433238835
4328.7,-68.90080666973637,-109.9077852597628
4333.6,-82.46462185281692,42.37735206681384
4338.5,-60.5956100804115,29.59723184517202
4343.4,-60.39480075111847,83.87190205957408
4348.3,-57.34594257135669,44.51441669097056
4353.2,-58.1532384240645,9.253960536550551
4358.1,-62.61192266881664,-4.65811646312273
4363,-59.73201303829362,3.482521849429237
4367.9,-67.50937940122958,48.61459363625387
4372.8,-67.56738704077515,-167.0947578174705
4377.7,-61.50813194525544,171.4779347732413
4382.6,-78.79014342804516,-148.315574780348
4387.5,-65.41933346119933,18.64086423623625
4392.4,-64.51279481486861,85.96691492352647
4397.3,-61.12219300060649,-160.6067938536906
4402.2,-70.4109441123684,115.2958563534241
4407.1,-60.71944873873314,3.398710292825029
4412,-63.9314216212957,78.60946619959358
4416.9,-72.89567910385664,142.0409974621828
4421.8,-91.82164056226787,87.74265805126251
4426.7,-54.40278904190974,45.15283537998367
4431.6,-66.05515364888217,25.20614686052471
4436.5,-66.67523960651985,-41.44734757927768
4441.4,-59.94298191357462,152.9296439805107
4446.3,-60.15167008202741,49.85011583476093
4451.2,-93.83124233776662,137.8333629305791
4456.1,-55.5190881112986,32.38803093321484
4461,-60.63237551121817,66.66610464678982
4465.9,-60.55163463405586,2.521445543992698
4470.8,-72.59262727167558,-53.92423244436763
4475.7,-71.18063013553197,33.45613455304247
4480.6,-59.31295598032577,-47.81310530170776
4485.5,-70.16985214253738,101.7208172195971
4490.4,-77.83935873602925,19.56413566992288
4495.3,-60.560016337919,51.6801863322727
4500.2,-59.79343466819916,85.68198149019071
4505.1,-60.20772633348572,131.1189791194814
4510,-73.57157365276005,152.3426504686972
4514.9,-57.89372397403773,28.46843090036924
4519.8,-61.01300107850638,57.95184619543301
4524.7,-58.3375002529754,42.07559048327289
4529.6,-69.04272296109954,143.0755815747276
4534.5,-61.96746013960092,97.75510560537761
4539.4,-64.51078614483293,156.4928447598784
4544.3,-63.00459867206199,102.0866124091409
4549.2,-60.38285708391196,-8.408203084408743
4554.1,-75.09615813773345,176.1996089757074
4559,-72.56789073138674,-164.3544086423643
4563.9,-55.64575961048086,163.6555750980481
4568.8,-72.9483363635463,179.5258647441108
4573.7,-66.08708528831785,85.21034855247511
4578.6,-68.00060193016984,68.37012294372937
4583.5,-67.55778346707673,-27.262292691964
4588.4,-71.94254721432431,21.94805952158973
4593.3,-68.01768901249558,-147.7314440634256
4598.2,-56.27188220722448,-112.0195628907731
4603.1,-59.4466857452186,-103.5747168625363
4608,-56.87032033471532,-11.33644472334495
4612.9,-68.5569573002511,-9.845337480994266
4617.8,-75.29550499328226,68.73070864446616
4622.7,-71.20486108758084,-178.1384291805186
4627.6,-65.61447163433279,88.37989046443408
4632.5,-59.53333479564036,18.47150758923277
4637.4,-65.18591805884617,155.867848767253
4642.3,-69.45930786792499,-47.94939482998167
4647.2,-70.30747225657448,-50.46712104392078
4652.1,-52.67321125329044,33.39662784748823
4657,-70.69652460266755,33.15238839260236
4661.9,-57.27938589614975,-12.30179556672809
4666.8,-62.88990371858194,150.3903570401059
4671.7,-73.024167897749,111.8928018626627
4676.6,-58.8855038079594,-81.27124037237081
4681.5,-75.13703868740065,-179.3135976294198
4686.4,-59.15866162671549,-7.760134134078982
4691.3,-73.81217879186512,50.72994486194483
4696.2,-57.14631442252188,-139.8287516125914
4701.1,-63.60597492994918,-95.6790010397682
4706,-73.23381269442321,-63.5833873765489
4710.9,-66.23067698683286,-130.5314725313092
4715.8,-55.21062677042342,114.7210184355931
4720.7,-54.42110872740668,-26.61943079526148
4725.6,-71.87923834399929,144.9189888465008
4730.5,-59.72380124192576,100.8073192529881
4735.4,-75.29277741915105,-136.9821896134415
4740.3,-55.82957095641116,117.1195247863213
4745.2,-72.49482843164371,128.9851937376873
4750.1,-57.9946362712738,-42.75921785939377
4755,-58.16109455012863,-96.99101036303063
4759.9,-74.1411782819612,44.55122055271201
4764.8,-69.67663602791865,73.85802968031741
4769.7,-64.07734446567105,83.13930362155827
4774.6,-69.09937865361273,-111.2999076649927
4779.5,-57.19121921191514,-17.9840917066001
4784.4,-57.96751789840262,-32.54139033632497
4789.3,-88.20272773970332,93.34224937188405
4794.2,-68.38239006406604,90.96994246218549
4799.1,-74.01513216254278,91.89964122156368
4804,-74.60970157683322,147.3665994398685
4808.9,-66.91004971669548,18.59063444269425
4813.8,-60.1804620110946,53.01262296690304
4818.7,-54.83182796231751,130.815331087787
4823.6,-55.7844186602935,26.9568769243304
4828.5,-68.61180455696248,116.7688000316084
4833.4,-54.96356127076542,102.4161734743317
4838.3,-59.69698077084894,142.7844888564641
4843.2,-81.09068988955738,-59.08991239307824
4848.1,-57.93285171449937,-37.48650909478899
4853,-55.20104665773189,-52.73867747439903
4857.9,-60.70991422414959,43.22280219572259
4862.8,-70.91911496310476,-22.14291886613088
4867.7,-76.58753243297168,151.461896268435
4872.6,-53.1266628424805,0.9743160384278937
4877.5,-58.42038567673743,-130.6827311815872
4882.4,-79.15004951215126,59.26645234827777
4887.3,-61.42709496179154,-19.46341330866323
4892.2,-60.57771568821879,-130.076824852178
4897.1,-66.90438691133561,-83.73031929925091
4902,-66.08424474254687,-94.27765218452913
4906.9,-59.37907086872614,149.6240453979065
4911.8,-64.05921297126395,3.834570542978753
4916.7,-61.98115475294166,32.84271064119761
4921.6,-73.00659137175205,-143.7285493390315
4926.5,-52.38280305012884,138.3513177133626
4931.4,-80.6247363566192,43.08655543312739
4936.3,-68.65257481073563,53.65674504937697
4941.2,-53.59545822792408,157.8080010922578
4946.1,-64.86423076916704,64.7214795790843
4951,-56.32358158802769,-40.17092300913389
4955.9,-53.56404845772045,11.12292162877566
4960.8,-89.69518481167874,-36.11753360969023
4965.7,-70.77490011539521,-150.7519912749199
4970.6,-75.32366515228605,-120.6220436694433
4975.5,-64.29597563671666,141.593182224297
4980.4,-52.37674615353502,131.882713112865
4985.3,-66.2868649429228,-22.79142339663881
4990.2,-71.19766486640864,-13.62544895026213
4995.1,-61.61799566301512,139.1236343502469
5000,-51.89876596572972,9.52562180990958
